rank,test_rmse_mean,test_rmse_std,recovered_rank_mean,recovered_rank_std,runtime_mean,runtime_std,lambda_mean,experiment
2,0.00017253393395036116,3.0411976638361163e-06,20.0,0.0,1.3855686982472737,0.12557170649369456,0.0075585959121907435,vary_rank
5,0.0002880392283411433,9.263618116949e-06,49.333333333333336,1.154700538379251,2.1353789965311685,0.4634094663193297,0.005251709908122744,vary_rank
10,0.00044820087839412653,2.073573264147654e-05,62.0,9.539392014169456,2.5994128386179605,0.49626336283190636,0.004394539258117298,vary_rank
20,0.0008158331663374766,9.184011046752741e-06,77.66666666666667,6.658328118479394,4.602789004643758,0.8289573642036842,0.0033014522756634915,vary_rank
40,0.002097777283244905,6.663577395394931e-05,84.33333333333333,0.5773502691896247,5.749957799911499,0.33037826031241774,0.004543217768750521,vary_rank
