obs_frac,test_rmse_mean,test_rmse_std,rel_error_mean,rel_error_std,experiment
0.2,0.02919596553429456,0.0011456595362896074,0.28097853064736805,0.014787434785480592,vary_obs_frac
0.3,0.01598625735226022,0.00041668489014798176,0.14251127926389073,0.0023284375770084493,vary_obs_frac
0.4,0.010843515142152463,0.0005955217961908471,0.09809070508699107,0.00120102769553967,vary_obs_frac
0.6,0.007629463725233098,0.0001668358780061581,0.06922842795454731,0.00044852505607212277,vary_obs_frac
0.8,0.006086533081720968,2.5655592476362033e-05,0.05584082016565798,0.0003576716386150312,vary_obs_frac
